{
  "Targets": [
    {
      "PosX": 0.06702515,
      "PosY": -0.000785449753,
      "PosZ": 0.0
    },
    {
      "PosX": -0.005810942,
      "PosY": 0.021207165,
      "PosZ": 0.0
    },
    {
      "PosX": -0.0865015239,
      "PosY": -0.00130908436,
      "PosZ": 0.0
    },
    {
      "PosX": -0.00408010744,
      "PosY": -0.0233017169,
      "PosZ": 0.0
    }
  ],
  "Looping": true
}