{
  "Targets": [
    {
      "PosX": 0.05513232,
      "PosY": -0.0434806272,
      "PosZ": 0.0
    },
    {
      "PosX": 0.0701408163,
      "PosY": 0.0241558962,
      "PosZ": 0.0
    },
    {
      "PosX": -0.0194316059,
      "PosY": 0.0579741858,
      "PosZ": 0.0
    },
    {
      "PosX": -0.0587028973,
      "PosY": 0.0105149262,
      "PosZ": 0.0
    }
  ],
  "Looping": true
}