{
  "Targets": [
    {
      "PosX": 0.06493063,
      "PosY": -0.032203503,
      "PosZ": 0.0
    },
    {
      "PosX": -0.000312771415,
      "PosY": 0.03482166,
      "PosZ": 0.0
    },
    {
      "PosX": -0.07314885,
      "PosY": -0.0290617,
      "PosZ": 0.0
    }
  ],
  "Looping": false
}