{
  "Targets": [
    {
      "PosX": 0.0408383235,
      "PosY": -0.004115488,
      "PosZ": 0.0
    },
    {
      "PosX": 0.03653671,
      "PosY": 0.05128534,
      "PosZ": 0.0
    },
    {
      "PosX": -0.0310801528,
      "PosY": 0.05350138,
      "PosZ": 0.0
    },
    {
      "PosX": -0.0293668564,
      "PosY": -0.00348233432,
      "PosZ": 0.0
    }
  ],
  "Looping": true
}