{
  "Targets": [
    {
      "PosX": 0.0589088351,
      "PosY": 0.052625224,
      "PosZ": 0.0
    },
    {
      "PosX": -0.06576703,
      "PosY": 0.05131616,
      "PosZ": 0.0
    },
    {
      "PosX": -0.0629379749,
      "PosY": -0.03298894,
      "PosZ": 0.0
    },
    {
      "PosX": 0.0592795946,
      "PosY": -0.031679865,
      "PosZ": 0.0
    }
  ],
  "Looping": true
}