{
  "Targets": [
    {
      "PosX": 0.03131504,
      "PosY": -0.0215394441,
      "PosZ": 0.0
    },
    {
      "PosX": 0.0537899174,
      "PosY": 0.0387710147,
      "PosZ": 0.0
    },
    {
      "PosX": -0.05413175,
      "PosY": 0.030155234,
      "PosZ": 0.0
    },
    {
      "PosX": -0.03298237,
      "PosY": -0.0255159624,
      "PosZ": 0.0
    }
  ],
  "Looping": true
}