{
  "Targets": [
    {
      "PosX": -0.009941287,
      "PosY": 0.0485466123,
      "PosZ": 0.0
    },
    {
      "PosX": 0.0373868,
      "PosY": -0.008284402,
      "PosZ": 0.0
    },
    {
      "PosX": -0.04717283,
      "PosY": -0.0175629389,
      "PosZ": 0.0
    }
  ],
  "Looping": true
}